Image name,Image size,Image last modification date
Ecological-Medium-Fat-Milk_001.jpg,33.9 Kb,Tue Aug 22 15:09:18 2023
Ecological-Medium-Fat-Milk_002.jpg,20.9 Kb,Wed Jul 26 13:28:08 2023
Ecological-Medium-Fat-Milk_003.jpg,27.9 Kb,Wed Jul 26 13:28:08 2023
Ecological-Medium-Fat-Milk_004.jpg,22.5 Kb,Wed Jul 26 13:28:08 2023
Ecological-Medium-Fat-Milk_005.jpg,26.6 Kb,Wed Jul 26 13:28:08 2023
Medium-Fat-Milk_001.jpg,24.4 Kb,Wed Jul 26 13:28:08 2023
Medium-Fat-Milk_002.jpg,15.6 Kb,Wed Jul 26 13:28:08 2023
Medium-Fat-Milk_003.jpg,29.2 Kb,Wed Jul 26 13:28:08 2023
Medium-Fat-Milk_004.jpg,24.9 Kb,Wed Jul 26 13:28:08 2023
Standard-Milk_001.jpg,32.1 Kb,Wed Jul 26 13:28:08 2023
Standard-Milk_002.jpg,20.8 Kb,Wed Jul 26 13:28:08 2023
Standard-Milk_003.jpg,23.4 Kb,Wed Jul 26 13:28:08 2023
Standard-Milk_004.jpg,22.1 Kb,Wed Jul 26 13:28:08 2023
Standard-Milk_005.jpg,18.7 Kb,Wed Jul 26 13:28:08 2023
Ecological-Medium-Fat-Milk_001.jpg,26.7 Kb,Wed Jul 26 13:28:08 2023
Ecological-Medium-Fat-Milk_002.jpg,28.4 Kb,Wed Jul 26 13:28:08 2023
Ecological-Medium-Fat-Milk_003.jpg,23.7 Kb,Wed Jul 26 13:28:08 2023
Ecological-Medium-Fat-Milk_004.jpg,26.6 Kb,Wed Jul 26 13:28:08 2023
Ecological-Medium-Fat-Milk_005.jpg,26.7 Kb,Wed Jul 26 13:28:08 2023
Ecological-Medium-Fat-Milk_006.jpg,24.9 Kb,Wed Jul 26 13:28:08 2023
Ecological-Standard-Milk_001.jpg,23.0 Kb,Wed Jul 26 13:28:08 2023
Ecological-Standard-Milk_002.jpg,21.3 Kb,Wed Jul 26 13:28:08 2023
Ecological-Standard-Milk_003.jpg,26.9 Kb,Wed Jul 26 13:28:08 2023
Ecological-Standard-Milk_004.jpg,27.5 Kb,Wed Jul 26 13:28:08 2023
Ecological-Standard-Milk_005.jpg,20.5 Kb,Wed Jul 26 13:28:08 2023
Ecological-Standard-Milk_006.jpg,26.2 Kb,Wed Jul 26 13:28:08 2023
Natural-Oatghurt_001.jpg,20.8 Kb,Wed Jul 26 13:28:08 2023
Natural-Oatghurt_002.jpg,23.6 Kb,Wed Jul 26 13:28:08 2023
Natural-Oatghurt_003.jpg,26.2 Kb,Wed Jul 26 13:28:08 2023
Natural-Oatghurt_004.jpg,21.8 Kb,Wed Jul 26 13:28:08 2023
Natural-Oatghurt_005.jpg,23.7 Kb,Wed Jul 26 13:28:08 2023
Oat-Milk_001.jpg,15.5 Kb,Wed Jul 26 13:28:08 2023
Oat-Milk_002.jpg,21.9 Kb,Wed Jul 26 13:28:08 2023
Oat-Milk_003.jpg,21.3 Kb,Wed Jul 26 13:28:08 2023
Oat-Milk_004.jpg,17.5 Kb,Wed Jul 26 13:28:08 2023
Oat-Milk_005.jpg,22.3 Kb,Wed Jul 26 13:28:08 2023
